name,link,address,lat,lng,rent_raw,rent_from,rent_to,layout_raw,layouts,built_year,management_fee_raw,management_fees,access,comment
アスタ,/jkktokyo/detailMap?account=jkktokyo&bid=4680060&pgret=2,西東京市田無町2-1-1,35.7281747,139.5403688,"88,500～148,000円（月額）",88500,148000,2DK・3LDK,"['2DK', '3LDK']",1995,"5,000円",[5000],西武新宿線「田無」駅下車徒歩3分,
エミエルタワー竹の塚,/jkktokyo/detailMap?account=jkktokyo&bid=2180410&pgret=2,足立区西竹の塚1-11-2,35.7931562,139.7896744,"101,400～152,500円（月額）",101400,152500,1LDK～3LDK,"['1LDK', '3LDK']",2005,"3,500円",[3500],東武スカイツリーライン(伊勢崎線)「竹ノ塚」駅下車徒歩3分,
カーメスト大蔵の杜,/jkktokyo/detailMap?account=jkktokyo&bid=1280880&pgret=2,世田谷区 大蔵3-1-5,35.6324043,139.6104689,"107,900～189,900円（月額）",107900,189900,1Ｋ＋Ｓ～3LDK,"['1K+S', '3LDK']",2022,"5,300円",[5300],小田急小田原線「祖師ヶ谷大蔵」駅 徒歩18～20分,
コーシャタワー小松川,/jkktokyo/detailMap?account=jkktokyo&bid=2380200&pgret=2,江戸川区小松川1-2-3,35.6880609,139.849889,"107,000～176,700円（月額）",107000,176700,２ＤＫ～４ＤＫ,"['2DK', '4DK']",1993,"4,800円",[4800],都営地下鉄新宿線「東大島」駅下車徒歩2分,
コーシャタワー佃,/jkktokyo/detailMap?account=jkktokyo&bid=280070&pgret=2,中央区佃2-2-11,35.6679229,139.786816,"120,000～236,800円（月額）",120000,236800,１ＬＤＫ～４ＬＤＫ,"['1LDK', '4LDK']",1991,"4,900円",[4900],東京メトロ有楽町線「月島」駅下車徒歩5分,
コーシャハイム愛宕四丁目,/jkktokyo/detailMap?account=jkktokyo&bid=5480170&pgret=2,"多摩市愛宕4-53-2,3",35.6318178,139.4302776,"81,800～108,700円（月額）",81800,108700,2LDK～4LDK,"['2LDK', '4LDK']",1993,"4,600円",[4600],小田急多摩線「多摩センター」駅からバス約4分「愛宕四丁目」下車徒歩2分,
コーシャハイム芦花公園,/jkktokyo/detailMap?account=jkktokyo&bid=1280820&pgret=2,世田谷区南烏山2-6-1,35.6656097,139.6074011,"85,900～181,300円（月額）",85900,181300,1DK～3LDK,"['1DK', '3LDK']",2008,"4,500円",[4500],京王線「芦花公園」駅下車徒歩8分,４号棟には各住戸に１台エアコンが設置されています。
コーシャハイム下柚木三丁目,/jkktokyo/detailMap?account=jkktokyo&bid=3180370&pgret=2,八王子市下柚木3-3-1,35.620227,139.3794168,"78,000～120,900円（月額）",78000,120900,2LDK～4LDK+ＤＫ,"['2LDK', '4LDK+DK']",1995,"5,400円",[5400],京王相模原線「南大沢」駅下車徒歩12分,
コーシャハイム加賀,/jkktokyo/detailMap?account=jkktokyo&bid=1980350&pgret=2,板橋区加賀1-23-1,35.7580546,139.7177596,"89,700～144,600円（月額）",89700,144600,１Ｋ～２ＬＤＫ,"['1K', '2LDK']",2015,"4,400円",[4400],ＪＲ埼京線「十条」駅下車徒歩8分,
コーシャハイム亀戸七丁目,/jkktokyo/detailMap?account=jkktokyo&bid=880370&pgret=2,江東区亀戸7-67-2,35.6947233,139.8390923,"102,200～127,300円（月額）",102200,127300,1LDK～3DK,"['1LDK', '3DK']",2003,"4,100円",[4100],都営地下鉄新宿線「大島」駅下車徒歩10分,
コーシャハイム久我山,/jkktokyo/detailMap?account=jkktokyo&bid=1280850&pgret=2,世田谷区北烏山2-10,35.6807109,139.5996353,"92,400～194,900円（月額）",92400,194900,1DK～3LDK,"['1DK', '3LDK']",2012,"6,700円",[6700],京王井の頭線「久我山」駅下車徒歩12分,
コーシャハイム玉川上水,/jkktokyo/detailMap?account=jkktokyo&bid=5080100&pgret=2,東大和市桜が丘3-44-32-1,35.73279,139.4181642,"76,400～95,700円（月額）",76400,95700,2LDK～4DK,"['2LDK', '4DK']",1987,"3,400円",[3400],西武拝島線「玉川上水」駅下車徒歩3分,
コーシャハイム玉川上水第二,/jkktokyo/detailMap?account=jkktokyo&bid=5080110&pgret=2,東大和市桜が丘3-44-13-21,35.7330034,139.4200384,"84,200～124,200円（月額）",84200,124200,2DK＋S～4LDK,"['2DK+S', '4LDK']",1993,"4,600円",[4600],西武拝島線「玉川上水」駅下車徒歩6分,
コーシャハイム駒込,/jkktokyo/detailMap?account=jkktokyo&bid=1680130&pgret=2,豊島区駒込1-13-6,35.7351934,139.7487376,"120,300～179,900円（月額）",120300,179900,1LDK～3DK,"['1LDK', '3DK']",2005,"5,500円",[5500],ＪＲ山手線「駒込」駅下車徒歩3分,
コーシャハイム経堂,/jkktokyo/detailMap?account=jkktokyo&bid=1280580&pgret=2,世田谷区経堂4-30-1,35.6488631,139.6281348,"100,700～131,800円（月額）",100700,131800,1LDK～3DK,"['1LDK', '3DK']",1993,"6,800円",[6800],小田急小田原線「千歳船橋」駅下車徒歩5分,
コーシャハイム経堂フォレスト,/jkktokyo/detailMap?account=jkktokyo&bid=1280930&pgret=2,世田谷区経堂四丁目34-1(1号棟)、33-15(2号棟),,,"108,300～199,100円（月額）",108300,199100,1R～3LDK,"['1R', '3LDK']",2020,"5,500円",[5500],小田急 小田原線 千歳船橋駅下車徒歩8分,
コーシャハイム光が丘第一,/jkktokyo/detailMap?account=jkktokyo&bid=2080060&pgret=2,練馬区光が丘3-3-1,35.7539384,139.6268499,"100,100円（月額）",100100,100100,2LDK・3DK,"['2LDK', '3DK']",1984,"3,200円",[3200],都営地下鉄大江戸線「光が丘」駅下車徒歩9分,当住宅敷地内に交番があります。
コーシャハイム光が丘第三,/jkktokyo/detailMap?account=jkktokyo&bid=2080080&pgret=2,練馬区光が丘3-3-5,35.7561817,139.6298729,"103,000～120,500円（月額）",103000,120500,2LDK～4DK,"['2LDK', '4DK']",1986,"3,700円",[3700],都営地下鉄大江戸線「光が丘」駅下車徒歩5分,
コーシャハイム光が丘第四,/jkktokyo/detailMap?account=jkktokyo&bid=2080090&pgret=2,練馬区光が丘3-3-9,35.7558879,139.6308328,"103,300～132,700円（月額）",103300,132700,2DK+S～4DK,"['2DK+S', '4DK']",1988,"4,000円",[4000],都営地下鉄大江戸線「光が丘」駅下車徒歩7分,
コーシャハイム光が丘第二,/jkktokyo/detailMap?account=jkktokyo&bid=2080070&pgret=2,練馬区光が丘3-3-4,35.7557029,139.628408,"104,300円（月額）",104300,104300,2LDK・3DK,"['2LDK', '3DK']",1985,"2,900円",[2900],都営地下鉄大江戸線「光が丘」駅下車徒歩6分,
コーシャハイム向原,/jkktokyo/detailMap?account=jkktokyo&bid=1980340&pgret=2,板橋区向原3-7-1,35.7459027,139.6843975,"88,300～168,300円（月額）",88300,168300,1K～3LDK,"['1K', '3LDK']",2010,"4,700円",[4700],東京メトロ有楽町線「小竹向原」駅下車徒歩9分,
コーシャハイム向原ガーデンコート,/jkktokyo/detailMap?account=jkktokyo&bid=1980342&pgret=2,板橋区向原3-7-A,35.7443761,139.6828634,"95,500～202,400円（月額）",95500,202400,1K～3LDK,"['1K', '3LDK']",2018,"5,700円",[5700],東京メトロ副都心線・有楽町線「小竹向原」駅下車 徒歩4分,
コーシャハイム港南三丁目,/jkktokyo/detailMap?account=jkktokyo&bid=380130&pgret=2,港区港南3-7-1,35.6325411,139.7490155,"110,300～136,300円（月額）",110300,136300,1DK・1LDK,"['1DK', '1LDK']",2003,"3,800円",[3800],ＪＲ山手線「品川」駅下車徒歩15分,
コーシャハイム高田馬場,/jkktokyo/detailMap?account=jkktokyo&bid=480190&pgret=2,新宿区高田馬場4-15-1,35.7121242,139.7012058,"114,600～186,800円（月額）",114600,186800,1LDK～3DK,"['1LDK', '3DK']",2002,"6,500円",[6500],ＪＲ山手線「高田馬場」駅下車徒歩3分,
コーシャハイム坂下,/jkktokyo/detailMap?account=jkktokyo&bid=1980320&pgret=2,板橋区坂下3-10-A,35.7854516,139.6801704,"95,500～132,500円（月額）",95500,132500,1LDK～3DK,"['1LDK', '3DK']",2004,"6,000円",[6000],都営地下鉄三田線「蓮根」駅下車徒歩3分,
コーシャハイム笹塚,/jkktokyo/detailMap?account=jkktokyo&bid=1380130&pgret=2,渋谷区笹塚1-45-1,35.6727493,139.6651788,"119,300～176,300円（月額）",119300,176300,2K～3DK,"['2K', '3DK']",2002,"4,300円",[4300],京王線「笹塚」駅下車徒歩5分,
コーシャハイム三軒茶屋,/jkktokyo/detailMap?account=jkktokyo&bid=1280920&pgret=2,"世田谷区太子堂3-33-1,2",35.6504395,139.6722754,"110,400～202,300円（月額）",110400,202300,1DK～2LDK,"['1DK', '2LDK']",2010,"6,000円",[6000],東急田園都市線「三軒茶屋」駅下車徒歩13分,
コーシャハイム三宿テラス,/jkktokyo/detailMap?account=jkktokyo&bid=1280830&pgret=2,世田谷区三宿2-16-10,35.6514125,139.6752696,"107,200～206,100円（月額）",107200,206100,１Ｒ～２LDK,"['1R', '2LDK']",2014,"7,200円",[7200],東急田園都市線「池尻大橋」駅下車徒歩13分,
コーシャハイム志村,/jkktokyo/detailMap?account=jkktokyo&bid=1980310&pgret=2,板橋区志村2-11-6,35.776862,139.6901403,"85,800～123,800円（月額）",85800,123800,1LDK～3DK,"['1LDK', '3DK']",2002,"4,400円",[4400],都営地下鉄三田線「志村坂上」駅下車徒歩6分,
コーシャハイム春江町五丁目,/jkktokyo/detailMap?account=jkktokyo&bid=2380180&pgret=2,江戸川区春江町5-9-1,35.6808905,139.8771464,"89,400～128,200円（月額）",89400,128200,2DK+S～4DK,"['2DK+S', '4DK']",1990,"3,000円",[3000],都営地下鉄新宿線「一之江」駅下車徒歩11分,
コーシャハイム小松川一丁目,/jkktokyo/detailMap?account=jkktokyo&bid=2380150&pgret=2,"江戸川区小松川1-2-1,2",35.6884355,139.8486372,"106,000～151,600円（月額）",106000,151600,2DK+S～4DK,"['2DK+S', '4DK']",1988,"3,100円",[3100],都営地下鉄新宿線「東大島」駅下車徒歩2分,
コーシャハイム小竹町,/jkktokyo/detailMap?account=jkktokyo&bid=2080570&pgret=2,練馬区小竹町1-5-1,35.7392651,139.6786181,"84,000～156,200円（月額）",84000,156200,1DK～3LDK,"['1DK', '3LDK']",2009,"5,100円",[5100],東京メトロ副都心線「小竹向原」駅下車徒歩7分,３・４号棟には各住戸に１台エアコンが設置されています。
コーシャハイム小日向,/jkktokyo/detailMap?account=jkktokyo&bid=580150&pgret=2,文京区小日向1-2-3,35.7118463,139.7396991,"120,200～183,900円（月額）",120200,183900,2K～3DK,"['2K', '3DK']",2005,"6,400円",[6400],東京メトロ有楽町線「江戸川橋」駅下車徒歩10分,
コーシャハイム松が谷,/jkktokyo/detailMap?account=jkktokyo&bid=3180240&pgret=2,八王子市松が谷11-3,35.6277312,139.4154672,"78,500円（月額）",78500,78500,3DK,['3DK'],1985,"2,400円",[2400],小田急多摩線「多摩センター」駅からバス約7分「松が谷」下車徒歩2分,
コーシャハイム松が谷第三,/jkktokyo/detailMap?account=jkktokyo&bid=3180260&pgret=2,八王子市松が谷25-1,35.6307379,139.4193206,"73,900～82,600円（月額）",73900,82600,2LDK～3LDK,"['2LDK', '3LDK']",1988,"4,000円",[4000],小田急多摩線「多摩センター」駅からバス約4分「山根入」下車徒歩6分,
コーシャハイム松が谷第二,/jkktokyo/detailMap?account=jkktokyo&bid=3180250&pgret=2,八王子市松が谷15-1,35.6290231,139.4146958,"66,200～77,400円（月額）",66200,77400,2DK～3LDK,"['2DK', '3LDK']",1988,"4,000円",[4000],小田急多摩線「多摩センター」駅からバス約7分「松が谷」下車徒歩4分,
コーシャハイム上鷺宮,/jkktokyo/detailMap?account=jkktokyo&bid=1480330&pgret=2,"中野区上鷺宮3-9-1,2",35.7345642,139.6309835,"93,200～167,700円（月額）",93200,167700,1DK～3LDK,"['1DK', '3LDK']",2008,"5,200円",[5200],西武池袋線「富士見台」駅下車徒歩3分,
コーシャハイム上北台,/jkktokyo/detailMap?account=jkktokyo&bid=5080140&pgret=2,東大和市上北台2-865-10,35.7428699,139.4143763,"78,300～84,300円（月額）",78300,84300,2LDK・3LDK,"['2LDK', '3LDK']",1993,"3,600円",[3600],西武拝島線「玉川上水」駅からバス約7分「店舗前」下車徒歩7分,
コーシャハイム新中野テラス,/jkktokyo/detailMap?account=jkktokyo&bid=1580260&pgret=2,杉並区和田1-53-11,35.6939816,139.6644214,"119,300～211,100円（月額）",119300,211100,1R～2LDK+Ｓ,"['1R', '2LDK+S']",2020,"5,500円",[5500],東京メトロ 丸ノ内線 中野富士見町駅下車徒歩7分,
コーシャハイム神宮前五丁目,/jkktokyo/detailMap?account=jkktokyo&bid=1380100&pgret=2,渋谷区神宮前5-19-1,35.6651836,139.705945,"151,100～208,200円（月額）",151100,208200,１Ｒ～3DK,"['1R', '3DK']",1994,"4,500円",[4500],東京メトロ千代田線「明治神宮前」駅下車徒歩8分,
コーシャハイム神田,/jkktokyo/detailMap?account=jkktokyo&bid=180060&pgret=2,千代田区岩本町2-15-14,35.6943528,139.777934,"161,800～211,600円（月額）",161800,211600,1LDK～3DK,"['1LDK', '3DK']",2003,"5,200円",[5200],都営地下鉄新宿線「岩本町」駅下車徒歩5分,
コーシャハイム杉並和田,/jkktokyo/detailMap?account=jkktokyo&bid=1580240&pgret=2,杉並区和田2-5-1,35.686691,139.6596862,"84,500～160,000円（月額）",84500,160000,1DK～3DK,"['1DK', '3DK']",2007,"3,000円",[3000],東京メトロ丸ノ内線「方南町」駅下車徒歩7分,
コーシャハイム清新,/jkktokyo/detailMap?account=jkktokyo&bid=2380120&pgret=2,"江戸川区清新町1-2-1,2",35.6587153,139.8574178,"105,300～110,600円（月額）",105300,110600,2LDK・3DK,"['2LDK', '3DK']",1983,"4,300円",[4300],東京メトロ東西線「西葛西」駅下車徒歩13分,
コーシャハイム清瀬台田,/jkktokyo/detailMap?account=jkktokyo&bid=5180070&pgret=2,清瀬市下宿1-1-18,35.796773,139.5327987,"68,500・71,400円（月額）",68500,71400,2LDK・3LDK,"['2LDK', '3LDK']",1990,"1,200円",[1200],西武池袋線「清瀬」駅からバス約15分「台田団地」下車徒歩2分,
コーシャハイム西馬込,/jkktokyo/detailMap?account=jkktokyo&bid=1180490&pgret=2,大田区西馬込2-33-3,35.5853577,139.7031958,"91,000～185,500円（月額）",91000,185500,1DK～3LDK,"['1DK', '3LDK']",2008,"3,800円",[3800],都営地下鉄浅草線「西馬込」駅下車徒歩4分,
コーシャハイム千歳烏山,/jkktokyo/detailMap?account=jkktokyo&bid=1280840&pgret=2,世田谷区南烏山6-12-1,35.6678045,139.5972062,"96,100～181,500円（月額）",96100,181500,1ＤＫ～3LDK,"['1DK', '3LDK']",2010,"4,900円（1～4、6～8号棟）・5,200円（５号棟）","[4900, 5200]",京王線「千歳烏山」駅下車徒歩4分,
コーシャハイム千歳烏山（１１号棟）,/jkktokyo/detailMap?account=jkktokyo&bid=1280841&pgret=2,世田谷区南烏山6-12-11,35.6676983,139.5975646,"71,100～167,700円（月額）",71100,167700,１Ｒ～２ＬＤＫ,"['1R', '2LDK']",1957,"7,300円",[7300],京王線「千歳烏山」駅下車徒歩５分,旧烏山住宅の１棟を残存させて行う「住棟改善モデル事業」を実施した建物です。
コーシャハイム千歳船橋フロント,/jkktokyo/detailMap?account=jkktokyo&bid=1280910&pgret=2,世田谷区経堂4-17-7、7-15,35.6475263,139.625525,"101,700～181,900円（月額）",101700,181900,1K～2LDK,"['1K', '2LDK']",2017,"5,800円",[5800],小田急小田原線｢千歳船橋｣駅下車徒歩3分,
コーシャハイム千石,/jkktokyo/detailMap?account=jkktokyo&bid=580160&pgret=2,"文京区千石3-16-1,2",35.7253892,139.7380194,"104,200～198,300円（月額）",104200,198300,1DK～3LDK,"['1DK', '3LDK']",2009,"4,200円",[4200],都営地下鉄三田線「千石」駅下車徒歩10分,
コーシャハイム千早,/jkktokyo/detailMap?account=jkktokyo&bid=1680120&pgret=2,豊島区千早2-4-1,35.7311612,139.6924536,"101,600～145,400円（月額）",101600,145400,1LDK～3DK,"['1LDK', '3DK']",2005,"5,700円",[5700],西武池袋線「椎名町」駅下車徒歩9分,
コーシャハイム前野町,/jkktokyo/detailMap?account=jkktokyo&bid=1980330&pgret=2,板橋区前野町1-22-1,35.7651897,139.6973476,"81,400～128,300円（月額）",81400,128300,2K～3DK,"['2K', '3DK']",2004,"3,700円",[3700],都営地下鉄三田線「板橋本町」駅下車徒歩11分,
コーシャハイム多摩川,/jkktokyo/detailMap?account=jkktokyo&bid=1180480&pgret=2,大田区多摩川2-28-30,35.5571955,139.7003122,"116,200～170,100円（月額）",116200,170100,1K～3LDK,"['1K', '3LDK']",2005,"4,500円",[4500],東急多摩川線「矢口渡」駅下車徒歩9分,
コーシャハイム太子堂,/jkktokyo/detailMap?account=jkktokyo&bid=1280810&pgret=2,世田谷区太子堂3-30-6,35.6498746,139.670968,"94,700～180,400円（月額）",94700,180400,１Ｒ～2DK+S,"['1R', '2DK+S']",2007,"4,800円",[4800],東急田園都市線「三軒茶屋」駅下車徒歩10分,
コーシャハイム大井町,/jkktokyo/detailMap?account=jkktokyo&bid=980220&pgret=2,品川区二葉1-4-5,35.6077673,139.7268785,"110,500～161,700円（月額）",110500,161700,2K～3DK,"['2K', '3DK']",2005,"3,400円",[3400],東急大井町線「下神明」駅下車徒歩2分,
コーシャハイム大森東,/jkktokyo/detailMap?account=jkktokyo&bid=1180210&pgret=2,"大田区大森東1-35-4,5",35.5768048,139.7401749,"118,900～124,900円（月額）　",118900,124900,2LDK・3DK,"['2LDK', '3DK']",1983,"3,000円",[3000],京浜急行線「平和島」駅下車徒歩8分,
コーシャハイム中村北,/jkktokyo/detailMap?account=jkktokyo&bid=2080530&pgret=2,練馬区中村北2-2-6,35.7371266,139.6444551,"91,400～130,600円（月額）",91400,130600,2K～3DK,"['2K', '3DK']",2003,"4,200円",[4200],西武池袋線「練馬」駅下車徒歩14分,
コーシャハイム中野フロント,/jkktokyo/detailMap?account=jkktokyo&bid=1480015&pgret=2,東京都中野区2-26-1,35.7041313,139.6664944,"120,900～237,100円（月額）",120900,237100,１R～２LDK,"['1R', '2LDK']",2019,"5,800円",[5800],JR中央線・総武線・東京メトロ東西線「中野」駅下車 徒歩3分,
コーシャハイム中野弥生町,/jkktokyo/detailMap?account=jkktokyo&bid=1480320&pgret=2,中野区弥生町6-2-1,35.68622000000001,139.6626215,"95,300～195,600円（月額）",95300,195600,1DK～3LDK,"['1DK', '3LDK']",2010,"4,900円",[4900],東京メトロ丸ノ内線「方南町」駅下車徒歩7分,
コーシャハイム仲池上,/jkktokyo/detailMap?account=jkktokyo&bid=1180500&pgret=2,大田区仲池上2-7-2,35.5833165,139.7023458,"82,800～144,000円（月額）",82800,144000,1K～3DK,"['1K', '3DK']",2008,"5,000円",[5000],都営地下鉄浅草線「西馬込」駅下車徒歩7分,
コーシャハイム仲六郷,/jkktokyo/detailMap?account=jkktokyo&bid=1180450&pgret=2,大田区仲六郷3-21-1,35.5457225,139.7094519,"83,200～125,600円（月額）",83200,125600,2K～3DK,"['2K', '3DK']",2003,"3,500円",[3500],京浜急行線「雑色」駅下車徒歩11分,
コーシャハイム田端テラス,/jkktokyo/detailMap?account=jkktokyo&bid=1780110&pgret=2,北区田端5-13-13,35.73958289999999,139.7557307,"97,900～184,500円（月額）",97900,184500,１Ｋ ～ ２LＤＫ+ＤＥＮ（書斎）,"['1K ', ' 2LDK+DEN(書斎)']",2016,"4,800円 ",[4800],ＪＲ山手線「田端」駅下車徒歩７分,
コーシャハイム東新宿,/jkktokyo/detailMap?account=jkktokyo&bid=480200&pgret=2,新宿区新宿7-2-2,35.6983199,139.7128578,"109,900～202,400円（月額）",109900,202400,1DK～3DK,"['1DK', '3DK']",2008,"6,000円",[6000],都営地下鉄大江戸線「東新宿」駅下車徒歩6分,
コーシャハイム東村山栄町,/jkktokyo/detailMap?account=jkktokyo&bid=4380120&pgret=2,東村山市栄町3-14-19,35.7462844,139.4689908,"94,000～114,300円（月額）",94000,114300,2LDK～4DK,"['2LDK', '4DK']",1990,"2,800円",[2800],西武新宿線「久米川」駅下車徒歩8分,
コーシャハイム南葛西五丁目,/jkktokyo/detailMap?account=jkktokyo&bid=2380140&pgret=2,江戸川区南葛西5-18-1,35.642667,139.8718064,"87,100～113,400円（月額）",87100,113400,2LDK～4DK,"['2LDK', '4DK']",1986,"2,800円",[2800],ＪＲ京葉線「葛西臨海公園」駅下車徒歩18分,
コーシャハイム南蒲田,/jkktokyo/detailMap?account=jkktokyo&bid=1180460&pgret=2,大田区南蒲田2-17-1,35.554799,139.7239709,"90,300～139,100円（月額）",90300,139100,2K～3DK,"['2K', '3DK']",2003,"3,300円",[3300],京浜急行線「京急蒲田」駅下車徒歩9分,
コーシャハイム南砂駅前,/jkktokyo/detailMap?account=jkktokyo&bid=880390&pgret=2,江東区南砂3-14-1,35.6688765,139.831998,"140,600～200,800円（月額）",140600,200800,1LDK～3LDK,"['1LDK', '3LDK']",2005,"5,800円",[5800],東京メトロ東西線「南砂町」駅下車徒歩1分,
コーシャハイム南大沢,/jkktokyo/detailMap?account=jkktokyo&bid=3180200&pgret=2,八王子市南大沢3-9-1,35.6059653,139.3797817,"65,500～73,700円（月額）",65500,73700,2LDK～3DK,"['2LDK', '3DK']",1983,"3,000円",[3000],京王相模原線「南大沢」駅下車徒歩13分,
コーシャハイム南大沢五丁目,/jkktokyo/detailMap?account=jkktokyo&bid=3180270&pgret=2,八王子市南大沢5-20-1,35.6102747,139.3674224,"67,800～110,100円（月額）",67800,110100,2LDK～4LDK+Ｋ,"['2LDK', '4LDK+K']",1993,"5,100円（1、6号棟）3,600円（2～5号棟、7～11号棟）","[5100, 3600]",京王相模原線「南大沢」駅からバス約8分「パークフィーネ前」下車徒歩2分,エレベータは１、６、１１号棟のみ（１１号棟は１、３、５階のみで停止します。）
コーシャハイム南大沢第二,/jkktokyo/detailMap?account=jkktokyo&bid=3180210&pgret=2,八王子市南大沢4-16-1,35.6087282,139.3765917,"73,400～83,100円（月額）",73400,83100,2LDK～3LDK,"['2LDK', '3LDK']",1988,"3,000円",[3000],京王相模原線「南大沢」駅下車徒歩12分,
コーシャハイム日野神明,/jkktokyo/detailMap?account=jkktokyo&bid=4280090&pgret=2,日野市神明3-9,35.6750196,139.3938789,"88,200～129,200円（月額）",88200,129200,2LDK～4LDK+K,"['2LDK', '4LDK+K']",1994,"6,600円",[6600],ＪＲ中央線「日野」駅下車徒歩6分,
コーシャハイム日野大坂上,/jkktokyo/detailMap?account=jkktokyo&bid=4280100&pgret=2,"日野市大坂上4-13-3-1,2",35.6708181,139.3851975,"70,700～94,000円（月額）",70700,94000,1LDK＋S～3LDK,"['1LDK+S', '3LDK']",1994,"5,600円",[5600],ＪＲ中央線「日野」駅下車徒歩18分,
コーシャハイム梅園二丁目,/jkktokyo/detailMap?account=jkktokyo&bid=5180050&pgret=2,清瀬市梅園2-6-2,35.7739347,139.5037113,"64,300～71,000円（月額）",64300,71000,2DK・3DK,"['2DK', '3DK']",1985,"1,700円",[1700],西武池袋線「秋津」駅下車徒歩13分,
コーシャハイム白鬚東,/jkktokyo/detailMap?account=jkktokyo&bid=780030&pgret=2,墨田区堤通2-13-1,35.7368685,139.8161251,"76,400～142,800円（月額）",76400,142800,2DK～4LDK,"['2DK', '4LDK']",1989,"3,000円",[3000],東武スカイツリーライン(伊勢崎線)「鐘ヶ淵」駅下車徒歩9分,
コーシャハイム八王子緑町,/jkktokyo/detailMap?account=jkktokyo&bid=3180330&pgret=2,八王子市緑町120-3-1,35.6473648,139.3287748,"55,700～76,000円（月額）",55700,76000,２ＬＤＫ～４ＬＤＫ,"['2LDK', '4LDK']",1992,"5,000円",[5000],ＪＲ中央線「八王子」駅下車徒歩19分,
コーシャハイム八潮西,/jkktokyo/detailMap?account=jkktokyo&bid=980110&pgret=2,"品川区八潮5-4-16,17",35.6015162,139.7509859,"96,200・99,500円（月額）",96200,99500,３ＤＫ,['3DK'],1983,"3,600円（16号棟）・3,900（17号棟）円",[3600],東京モノレール羽田線「大井競馬場前」駅下車徒歩15分,16号棟にはエレベータがありません。
コーシャハイム八潮南,/jkktokyo/detailMap?account=jkktokyo&bid=980120&pgret=2,品川区八潮5-8-47,35.5968361,139.7541474,"95,800円（月額）",95800,95800,３ＤＫ,['3DK'],1984,"3,400円",[3400],ＪＲ京浜東北線「大井町」駅からバス約17分「大井消防署八潮出張所前」下車徒歩3分,
コーシャハイム八潮北,/jkktokyo/detailMap?account=jkktokyo&bid=980100&pgret=2,品川区八潮5-2-7,35.603593,139.7539877,"88,200円（月額）",88200,88200,３ＤＫ,['3DK'],1983,"3,400円",[3400],ＪＲ京浜東北線「品川」駅からバス約18分「明晴学園前」下車徒歩3分,
コーシャハイム美園町,/jkktokyo/detailMap?account=jkktokyo&bid=4180140&pgret=2,小平市美園町1-8-1,35.7360829,139.4876766,"103,500～110,600円（月額）",103500,110600,2LDK,['2LDK'],1993,"2,400円",[2400],西武新宿線「小平」駅下車徒歩3分,
コーシャハイム富士見台,/jkktokyo/detailMap?account=jkktokyo&bid=1480310&pgret=2,中野区上鷺宮4-16-3,35.7347911,139.6299476,"104,500～149,500円（月額）",104500,149500,1LDK～3DK,"['1LDK', '3DK']",2005,"5,500円",[5500],西武池袋線「富士見台」駅下車徒歩2分,
コーシャハイム武蔵岡,/jkktokyo/detailMap?account=jkktokyo&bid=3980230&pgret=2,町田市相原町3181,35.6071795,139.3013012,"60,400・67,300円（月額）",60400,67300,3DK・3LDK,"['3DK', '3LDK']",1990,"4,500円",[4500],京王相模原線「橋本」駅からバス約20分「円林寺前」下車徒歩1分,
コーシャハイム方南町ガーデンコート,/jkktokyo/detailMap?account=jkktokyo&bid=1580250&pgret=2,杉並区和泉4-44-1,35.680922,139.6544956,"97,700～195,200円（月額）",97700,195200,1DK～3LDK,"['1DK', '3LDK']",2014,"5,500円",[5500],東京メトロ丸ノ内線「方南町」駅下車徒歩5分,
コーシャハイム北千住,/jkktokyo/detailMap?account=jkktokyo&bid=2180430&pgret=2,足立区日ノ出町26-1,35.751254,139.808743,"85,700～150,200円（月額）",85700,150200,1DK～3DK,"['1DK', '3DK']",2007,"4,300円",[4300],東京メトロ日比谷線「北千住」駅下車徒歩5分,
コーシャハイム緑四丁目,/jkktokyo/detailMap?account=jkktokyo&bid=780050&pgret=2,墨田区緑4-36-6,35.6961781,139.8075477,"112,500～139,400円（月額）",112500,139400,1LDK～3DK,"['1LDK', '3DK']",1991,"3,500円",[3500],ＪＲ総武線「錦糸町」駅下車徒歩10分,
コーシャハイム臨海町二丁目,/jkktokyo/detailMap?account=jkktokyo&bid=2380160&pgret=2,江戸川区臨海町2-2-7,35.6528461,139.8612747,"87,200～110,300円（月額）",87200,110300,2LDK～4LDK,"['2LDK', '4LDK']",1989,"3,800円",[3800],ＪＲ京葉線「葛西臨海公園」駅下車徒歩21分,
センターまちや,/jkktokyo/detailMap?account=jkktokyo&bid=1880030&pgret=2,荒川区荒川7-50-9,35.7424388,139.7807841,"94,200～186,100円（月額）",94200,186100,1LDK～3LDK,"['1LDK', '3LDK']",1996,"9,900円",[9900],京成線「町屋」駅下車徒歩1分,
トミンタワー千住五丁目,/jkktokyo/detailMap?account=jkktokyo&bid=2180310&pgret=2,足立区千住5-13-5,35.7563917,139.8023579,"103,600～147,300円（月額）",103600,147300,２ＤＫ～３ＬＤＫ,"['2DK', '3LDK']",2000,"4,400円",[4400],ＪＲ常磐線「北千住」駅下車徒歩12分,
トミンタワー多摩川二丁目,/jkktokyo/detailMap?account=jkktokyo&bid=1180381&pgret=2,大田区多摩川2-24-26,35.5552714,139.7036264,"101,800～161,600円（月額）",101800,161600,２ＬＤＫ・３ＬＤＫ,"['2LDK', '3LDK']",1998,"5,000円",[5000],東急多摩川線「矢口渡」駅下車徒歩15分,
トミンタワー台場一番街,/jkktokyo/detailMap?account=jkktokyo&bid=380100&pgret=2,港区台場1-1-2,35.6345168,139.7767878,"120,100～205,100円（月額）",120100,205100,２ＤＫ～４ＬＤＫ,"['2DK', '4LDK']",2000,"4,800円",[4800],東京臨海新交通ゆりかもめ「お台場海浜公園」駅下車徒歩8分,
トミンタワー台場三番街,/jkktokyo/detailMap?account=jkktokyo&bid=380070&pgret=2,港区台場1-3-2,35.6319285,139.7790276,"135,900～231,200円（月額）",135900,231200,１ＬＤＫ～３ＬＤＫ,"['1LDK', '3LDK']",1996,"5,600円",[5600],東京臨海新交通ゆりかもめ「お台場海浜公園」駅下車徒歩4分,
トミンタワー東雲,/jkktokyo/detailMap?account=jkktokyo&bid=880290&pgret=2,江東区東雲2-7-5,35.64352510000001,139.8053948,"128,000～212,900円（月額）",128000,212900,２ＬＤＫ～４ＬＤＫ,"['2LDK', '4LDK']",1997,"6,200円",[6200],東京メトロ有楽町線「辰巳」駅下車徒歩9分,
トミンタワー南千住四丁目,/jkktokyo/detailMap?account=jkktokyo&bid=1880040&pgret=2,荒川区南千住4-9-7,35.736002,139.8039848,"105,800～187,800円（月額）",105800,187800,２ＤＫ～３ＬＤＫ,"['2DK', '3LDK']",2000,"5,600円",[5600],ＪＲ常磐線「南千住」駅下車徒歩7分,
トミンタワー飯田橋三丁目,/jkktokyo/detailMap?account=jkktokyo&bid=180050&pgret=2,千代田区飯田橋3-10-1,35.7000545,139.74978,"201,900～274,700円（月額）",201900,274700,１LＤＫ～３ＬＤＫ,"['1LDK', '3LDK']",1996,"4,500円",[4500],ＪＲ総武線「飯田橋」駅下車徒歩8分,
トミンタワー浮間三丁目,/jkktokyo/detailMap?account=jkktokyo&bid=1780090&pgret=2,北区浮間3-1-37,35.7872168,139.7032574,"110,200～157,200円（月額）",110200,157200,２ＬＤＫ・３ＬＤＫ,"['2LDK', '3LDK']",1999,"6,600円",[6600],ＪＲ埼京線「北赤羽」駅下車徒歩2分,
トミンハイム一之江,/jkktokyo/detailMap?account=jkktokyo&bid=2380340&pgret=2,江戸川区一之江8-5-3,35.6842167,139.8825267,"106,900～156,100円（月額）",106900,156100,２ＬＤＫ・３ＬＤＫ,"['2LDK', '3LDK']",1997,"3,600円",[3600],都営地下鉄新宿線「一之江」駅下車徒歩4分,
トミンハイム塩浜二丁目第１,/jkktokyo/detailMap?account=jkktokyo&bid=880340&pgret=2,江東区塩浜2-8-29,35.6635212,139.8067643,"87,500～115,300円（月額）",87500,115300,２ＤＫ～３ＤＫ,"['2DK', '3DK']",2000,"3,200円",[3200],東京メトロ東西線「木場」駅下車徒歩11分,
トミンハイム塩浜二丁目第２,/jkktokyo/detailMap?account=jkktokyo&bid=880350&pgret=2,江東区塩浜2-9-8,35.6639695,139.8075928,"68,300～98,400円（月額）",68300,98400,２ＤＫ～３ＤＫ,"['2DK', '3DK']",2002,"3,200円",[3200],東京メトロ東西線「木場」駅下車徒歩10分,
トミンハイム横川一丁目,/jkktokyo/detailMap?account=jkktokyo&bid=780080&pgret=2,墨田区横川1-15-1,35.7045081,139.8084718,"100,400～133,700円（月額）",100400,133700,２ＬＤＫ～４ＤＫ,"['2LDK', '4DK']",2000,"3,400円",[3400],東武スカイツリーライン(伊勢崎線)「とうきょうスカイツリー」駅下車徒歩9分,
トミンハイム恩多町,/jkktokyo/detailMap?account=jkktokyo&bid=4380150&pgret=2,東村山市恩多町5-40-6,35.7580408,139.4897104,"70,800～74,800円（月額）",70800,74800,２ＬＤＫ,['2LDK'],1999,"4,500円",[4500],西武新宿線「久米川」駅からバス約6分「青葉町二丁目」下車徒歩6分,
トミンハイム加平一丁目,/jkktokyo/detailMap?account=jkktokyo&bid=2180330&pgret=2,足立区加平1-9-1,35.7747419,139.8267776,"81,400～98,200円（月額）",81400,98200,２ＤＫ・２ＬＤＫ,"['2DK', '2LDK']",1998,"6,200円",[6200],東京メトロ千代田線「北綾瀬」駅下車徒歩10分,
トミンハイム海岸三丁目,/jkktokyo/detailMap?account=jkktokyo&bid=380050&pgret=2,港区海岸3-9-40,35.6392087,139.7541075,"136,300～192,300円（月額）",136300,192300,１ＬＤＫ～３ＬＤＫ,"['1LDK', '3LDK']",1993,"5,000円",[5000],東京臨海新交通ゆりかもめ「芝浦ふ頭」駅下車徒歩8分,
トミンハイム久が原五丁目,/jkktokyo/detailMap?account=jkktokyo&bid=1180430&pgret=2,大田区久が原5-1-1,35.5797079,139.6997928,"82,000～108,000円（月額）",82000,108000,２Ｋ～３ＤＫ,"['2K', '3DK']",2002,"4,300円",[4300],東急池上線「池上」駅下車徒歩14分,
トミンハイム宮坂二丁目,/jkktokyo/detailMap?account=jkktokyo&bid=1280730&pgret=2,世田谷区宮坂2-24-26,35.6529991,139.6424594,"116,700～171,900円（月額）",116700,171900,２Ｋ～３ＤＫ,"['2K', '3DK']",1999,"6,800円",[6800],小田急小田原線「豪徳寺」駅下車徒歩6分,
トミンハイム玉川田園調布,/jkktokyo/detailMap?account=jkktokyo&bid=1280560&pgret=2,"世田谷区玉川田園調布1-19-11,12",35.6003423,139.6593935,"174,900～199,000円（月額）",174900,199000,１ＬＤＫ～３ＬＤＫ,"['1LDK', '3LDK']",1994,"7,800円",[7800],東急大井町線「九品仏」駅下車徒歩9分,
トミンハイム桂坂,/jkktokyo/detailMap?account=jkktokyo&bid=380120&pgret=2,港区高輪2-13-8,35.6344009,139.7378217,"138,700～147,400円（月額）",138700,147400,２ＬＤＫ,['2LDK'],2001,"4,000円",[4000],都営地下鉄浅草線「泉岳寺」駅下車徒歩5分,
トミンハイム古石場一丁目,/jkktokyo/detailMap?account=jkktokyo&bid=880330&pgret=2,江東区古石場1-12-3,35.6682379,139.7965642,"110,100～129,200円（月額）",110100,129200,２ＤＫ～３ＬＤＫ,"['2DK', '3LDK']",2000,"3,500円",[3500],東京メトロ東西線「門前仲町」駅下車徒歩6分,
トミンハイム古石場二丁目,/jkktokyo/detailMap?account=jkktokyo&bid=880300&pgret=2,江東区古石場2-13-1,35.6670422,139.7993883,"146,700～187,700円（月額）",146700,187700,２ＬＤＫ・３ＬＤＫ,"['2LDK', '3LDK']",1997,"4,400円",[4400],ＪＲ京葉線「越中島」駅下車徒歩10分,
トミンハイム国分寺泉町,/jkktokyo/detailMap?account=jkktokyo&bid=4480070&pgret=2,国分寺市泉町2-6-1,35.6978048,139.4676821,"87,400～153,900円（月額）",87400,153900,２ＤＫ～４ＬＤＫ,"['2DK', '4LDK']",2000,"4,000円",[4000],ＪＲ中央線「西国分寺」駅下車徒歩6分,
トミンハイム三田二丁目,/jkktokyo/detailMap?account=jkktokyo&bid=380060&pgret=2,港区三田2-20-14,35.6481114,139.7388177,"139,100～198,500円（月額）",139100,198500,１ＬＤＫ～３ＬＤＫ,"['1LDK', '3LDK']",1993,"7,000円",[7000],東京メトロ南北線「麻布十番」駅下車徒歩10分,
トミンハイム舟渡二丁目,/jkktokyo/detailMap?account=jkktokyo&bid=1980290&pgret=2,板橋区舟渡2-31-1,35.7962169,139.6896617,"86,500～113,800円（月額）",86500,113800,２ＤＫ～３ＬＤＫ,"['2DK', '3LDK']",2001,"3,700円",[3700],ＪＲ埼京線「浮間舟渡」駅下車徒歩9分,
トミンハイム小金井中町,/jkktokyo/detailMap?account=jkktokyo&bid=4080070&pgret=2,小金井市中町3-19-12,35.7000382,139.5128552,"110,900～146,500円（月額）",110900,146500,１ＬＤＫ～４ＬＤＫ,"['1LDK', '4LDK']",1996,"6,200円",[6200],ＪＲ中央線「武蔵小金井」駅下車徒歩10分,
トミンハイム小松川,/jkktokyo/detailMap?account=jkktokyo&bid=2380360&pgret=2,江戸川区小松川1-2-4,35.68758510000001,139.8498505,"105,800～179,200円（月額）",105800,179200,２ＬＤＫ・３ＬＤＫ,"['2LDK', '3LDK']",1995,"4,200円",[4200],都営地下鉄新宿線「東大島」駅下車徒歩3分,
トミンハイム小豆沢,/jkktokyo/detailMap?account=jkktokyo&bid=1980270&pgret=2,板橋区小豆沢2-31-1,35.7780552,139.7017175,"76,900～124,700円（月額）",76900,124700,２Ｋ～３ＤＫ,"['2K', '3DK']",2000,"4,200円",[4200],都営地下鉄三田線「志村坂上」駅下車徒歩8分,
トミンハイム松江二丁目,/jkktokyo/detailMap?account=jkktokyo&bid=2380350&pgret=2,江戸川区松江2-15-8,35.7028823,139.8718864,"102,100～134,000円（月額）",102100,134000,１ＬＤＫ＋Ｓ～３ＬＤＫ,"['1LDK+S', '3LDK']",1995,"4,700円",[4700],ＪＲ総武線「新小岩」駅からバス約11分「京葉交差点」下車徒歩6分,
トミンハイム上柚木,/jkktokyo/detailMap?account=jkktokyo&bid=3180390&pgret=2,八王子市上柚木3-14-1,35.615065,139.368369,"69,900～109,800円（月額）",69900,109800,２ＬＤＫ～４ＬＤＫ,"['2LDK', '4LDK']",1996,"4,200円・5,700円","[4200, 5700]",京王相模原線「南大沢」駅下車徒歩17分,エレベータは２、３、５号棟のみ設置されています。
トミンハイム成増三丁目,/jkktokyo/detailMap?account=jkktokyo&bid=1980190&pgret=2,板橋区成増3-13-1,35.7788457,139.63236,"120,200～164,400円（月額）",120200,164400,１ＬＤＫ～４ＬＤＫ,"['1LDK', '4LDK']",1997,"11,000円",[11000],東武東上線「成増」駅下車徒歩3分,
トミンハイム西五反田四丁目,/jkktokyo/detailMap?account=jkktokyo&bid=980190&pgret=2,品川区西五反田4-5-1、2,35.627077,139.7113827,"156,000～176,200円（月額）",156000,176200,２ＬＤＫ・３ＬＤＫ,"['2LDK', '3LDK']",1998,"4,800円",[4800],東急目黒線「不動前」駅下車徒歩4分,
トミンハイム船堀三丁目,/jkktokyo/detailMap?account=jkktokyo&bid=2380410&pgret=2,江戸川区船堀3-16-7,35.6817182,139.866806,"118,200～151,000円（月額）",118200,151000,２ＬＤＫ・３ＬＤＫ,"['2LDK', '3LDK']",1998,"5,600円",[5600],都営地下鉄新宿線「船堀」駅下車徒歩6分,
トミンハイム船堀七丁目,/jkktokyo/detailMap?account=jkktokyo&bid=2380370&pgret=2,江戸川区船堀7-11-3,35.677431,139.8696462,"108,300～137,400円（月額）",108300,137400,２ＬＤＫ・３ＬＤＫ,"['2LDK', '3LDK']",1995,"6,800円",[6800],都営地下鉄新宿線「船堀」駅下車徒歩13分,
トミンハイム多摩川二丁目,/jkktokyo/detailMap?account=jkktokyo&bid=1180380&pgret=2,大田区多摩川2-24-25、27,35.5552714,139.7036264,"109,000～157,800円（月額）",109000,157800,２ＬＤＫ・３ＬＤＫ,"['2LDK', '3LDK']",1998,"5,000円",[5000],東急多摩川線「矢口渡」駅下車徒歩15分,
トミンハイム台場五番街,/jkktokyo/detailMap?account=jkktokyo&bid=380090&pgret=2,港区台場1-5-7(中層棟)1-5-4(高層棟),35.6305573,139.7788269,"150,000～239,800円（月額）",150000,239800,１ＬＤＫ～４ＬＤＫ,"['1LDK', '4LDK']",1996,"5,200円・6,700円","[5200, 6700]",東京臨海新交通ゆりかもめ「お台場海浜公園」駅下車徒歩2分,
トミンハイム台場三番街,/jkktokyo/detailMap?account=jkktokyo&bid=380080&pgret=2,港区台場1-3-3,35.6316934,139.7786059,"151,800～213,200円（月額）",151800,213200,１ＬＤＫ～４ＬＤＫ,"['1LDK', '4LDK']",1996,"3,300円",[3300],東京臨海新交通ゆりかもめ「お台場海浜公園」駅下車徒歩3分,
トミンハイム大森西,/jkktokyo/detailMap?account=jkktokyo&bid=1180370&pgret=2,大田区大森西3-1-25,35.5746993,139.7271279,"125,800～159,600円（月額）",125800,159600,２ＬＤＫ＋Ｓ・３ＬＤＫ,"['2LDK+S', '3LDK']",1996,"6,000円",[6000],京浜急行線「大森町」駅下車徒歩9分,
トミンハイム大島五丁目,/jkktokyo/detailMap?account=jkktokyo&bid=880280&pgret=2,江東区大島5-10-10,35.6892085,139.8341734,"132,900～172,700円（月額）",132900,172700,２ＤＫ＋Ｓ～４ＬＤＫ,"['2DK+S', '4LDK']",1997,"7,400円",[7400],都営地下鉄新宿線「大島」駅下車徒歩1分,
トミンハイム仲之町,/jkktokyo/detailMap?account=jkktokyo&bid=480180&pgret=2,新宿区市谷仲之町4-27,35.6961907,139.7226141,"103,200～143,600円（月額）",103200,143600,２Ｋ～３ＤＫ,"['2K', '3DK']",2001,"5,500円",[5500],都営地下鉄新宿線「曙橋」駅下車徒歩7分,
トミンハイム東新小岩六丁目,/jkktokyo/detailMap?account=jkktokyo&bid=2280150&pgret=2,葛飾区東新小岩6-21-1,35.7243104,139.8588936,"87,400～112,800円（月額）",87400,112800,２ＤＫ～３ＬＤＫ,"['2DK', '3LDK']",2001,"2,300円",[2300],ＪＲ総武快速線「新小岩」駅下車徒歩11分,
トミンハイム東品川三丁目第一,/jkktokyo/detailMap?account=jkktokyo&bid=980200&pgret=2,品川区東品川3-20-1,35.613637,139.7482386,"141,900～170,400円（月額）",141900,170400,１ＬＤＫ＋Ｓ～４ＬＤＫ,"['1LDK+S', '4LDK']",1997,"4,200円",[4200],東京臨海高速鉄道りんかい線「品川シーサイド」駅下車徒歩7分,
トミンハイム東品川三丁目第二,/jkktokyo/detailMap?account=jkktokyo&bid=980201&pgret=2,品川区東品川3-19-2,35.6133828,139.7490371,"128,500～162,400円（月額）",128500,162400,１ＬＤＫ＋Ｓ～４ＬＤＫ,"['1LDK+S', '4LDK']",1997,"4,200円",[4200],東京臨海高速鉄道りんかい線「品川シーサイド」駅下車徒歩6分,
トミンハイム東陽六丁目,/jkktokyo/detailMap?account=jkktokyo&bid=880270&pgret=2,江東区東陽6-2-27,35.6751027,139.8129079,"112,400～167,800円（月額）",112400,167800,１ＬＤＫ～３ＬＤＫ,"['1LDK', '3LDK']",1994,"5,000円",[5000],東京メトロ東西線「木場」駅下車徒歩12分,
トミンハイム南砂一丁目,/jkktokyo/detailMap?account=jkktokyo&bid=880360&pgret=2,江東区南砂1-18-1,35.6774212,139.8223805,"95,900～121,800円（月額）",95900,121800,２ＤＫ～３ＤＫ,"['2DK', '3DK']",2000,"4,200円",[4200],東京メトロ東西線「東陽町」駅下車徒歩15分,
トミンハイム南篠崎町五丁目,/jkktokyo/detailMap?account=jkktokyo&bid=2380240&pgret=2,江戸川区南篠崎町5-13-24,35.6953877,139.9110232,"83,600～135,900円（月額）",83600,135900,１ＬＤＫ～３ＬＤＫ,"['1LDK', '3LDK']",1994,"5,500円",[5500],都営地下鉄新宿線「瑞江」駅下車徒歩20分,
トミンハイム南篠崎町五丁目第２,/jkktokyo/detailMap?account=jkktokyo&bid=2380420&pgret=2,江戸川区南篠崎町5-13-40、41,35.6945545,139.9104977,"91,900～141,900円（月額）",91900,141900,２ＬＤＫ～４ＬＤＫ,"['2LDK', '4LDK']",1999,"4,000円",[4000],都営地下鉄新宿線「瑞江」駅下車徒歩20分,
トミンハイム南台三丁目,/jkktokyo/detailMap?account=jkktokyo&bid=1480270&pgret=2,中野区南台3-22-1,35.6856325,139.6672001,"103,600～151,300円（月額）",103600,151300,２Ｋ～３ＤＫ,"['2K', '3DK']",2001,"5,400円",[5400],東京メトロ丸ノ内線「中野富士見町」駅下車徒歩12分,
トミンハイム南大井五丁目,/jkktokyo/detailMap?account=jkktokyo&bid=980210&pgret=2,品川区南大井5-21-1,35.5943991,139.7324619,"101,200～158,400円（月額）",101200,158400,１ＬＤＫ～３ＤＫ,"['1LDK', '3DK']",1999,"3,500円",[3500],ＪＲ京浜東北線「大森」駅下車徒歩8分,
トミンハイム南大沢西,/jkktokyo/detailMap?account=jkktokyo&bid=3180420&pgret=2,八王子市南大沢4-24-1,35.6038307,139.3796348,"68,800～101,400円（月額）",68800,101400,２ＬＤＫ～４ＬＤＫ,"['2LDK', '4LDK']",1996,"4,300円",[4300],京王相模原線「南大沢」駅下車徒歩19分,
トミンハイム南大沢東,/jkktokyo/detailMap?account=jkktokyo&bid=3180410&pgret=2,八王子市南大沢3-16-2-1,35.6035651,139.3832015,"65,400～104,700円（月額）",65400,104700,２ＬＤＫ～４ＬＤＫ,"['2LDK', '4LDK']",1997,"5,500円",[5500],京王相模原線「南大沢」駅下車徒歩18分,２号棟は渡り廊下を使って３号棟のエレベータを利用します。
トミンハイム南六郷二丁目,/jkktokyo/detailMap?account=jkktokyo&bid=1180420&pgret=2,大田区南六郷2-22-1、2,35.5458557,139.7193171,"74,500～100,500円（月額）",74500,100500,２ＤＫ～３ＬＤＫ,"['2DK', '3LDK']",2002,"5,000円",[5000],京浜急行線「雑色」駅下車徒歩8分,
トミンハイム北砂一丁目,/jkktokyo/detailMap?account=jkktokyo&bid=880320&pgret=2,江東区北砂1-3-19,35.6841925,139.8226203,"114,700～162,800円（月額）",114700,162800,２ＬＤＫ・３ＬＤＫ,"['2LDK', '3LDK']",1999,"3,700円",[3700],都営地下鉄新宿線「西大島」駅下車徒歩12分,
トミンハイム北青山一丁目,/jkktokyo/detailMap?account=jkktokyo&bid=380110&pgret=2,港区北青山1-6-5,35.6739947,139.7207429,"180,700～233,100円（月額）",180700,233100,２ＤＫ～３ＬＤＫ,"['2DK', '3LDK']",2000,"7,200円",[7200],東京メトロ銀座線「青山一丁目」駅下車徒歩6分,
トミンハイム墨田一丁目,/jkktokyo/detailMap?account=jkktokyo&bid=780070&pgret=2,墨田区墨田1-4-1,35.7285659,139.8136173,"112,100～156,200円（月額）",112100,156200,２ＬＤＫ～４ＬＤＫ,"['2LDK', '4LDK']",2000,"5,300円",[5300],東武スカイツリーライン(伊勢崎線)「東向島」駅下車徒歩10分,当住宅の敷地内に交番があります。
トミンハイム薬王寺,/jkktokyo/detailMap?account=jkktokyo&bid=480170&pgret=2,新宿区市谷薬王寺町46,35.6960941,139.7243599,"96,100～187,100円（月額）",96100,187100,１ＬＤＫ～３ＬＤＫ,"['1LDK', '3LDK']",1998,"5,400円",[5400],都営地下鉄新宿線「曙橋」駅下車徒歩6分,
トミンハイム鑓水,/jkktokyo/detailMap?account=jkktokyo&bid=3180450&pgret=2,八王子市鑓水2-82-1,35.6113544,139.3673063,"68,400～111,700円（月額）",68400,111700,１ＬＤＫ～４ＬＤＫ,"['1LDK', '4LDK']",1998,"5,500円・6,300円","[5500, 6300]",京王相模原線「南大沢」駅下車徒歩19分,３号棟にエレベータはありません。
トミンハイム立川泉町,/jkktokyo/detailMap?account=jkktokyo&bid=3280140&pgret=2,立川市泉町1156-4,35.7140979,139.4089386,"87,400～111,800円（月額）",87400,111800,２ＬＤＫ～４ＬＤＫ,"['2LDK', '4LDK']",1998,"4,600円",[4600],ＪＲ中央線「立川」駅からバス約4分「立川学術プラザ」下車徒歩3分,
トミンハイム練馬氷川台,/jkktokyo/detailMap?account=jkktokyo&bid=2080340&pgret=2,練馬区氷川台3-22-11,35.750826,139.6683135,"127,600～155,200円（月額）",127600,155200,２ＬＤＫ・３ＬＤＫ,"['2LDK', '3LDK']",1995,"5,700円",[5700],東京メトロ有楽町線「氷川台」駅下車徒歩5分,エアコンの設置がない住戸もあります。
トミンハイム蓮根二丁目,/jkktokyo/detailMap?account=jkktokyo&bid=1980280&pgret=2,板橋区蓮根2-31-21,35.7850327,139.6785426,"94,300～120,700円（月額）",94300,120700,２ＤＫ～３ＬＤＫ,"['2DK', '3LDK']",2001,"4,700円",[4700],都営地下鉄三田線「蓮根」駅下車徒歩3分,
プラッツ砧,/jkktokyo/detailMap?account=jkktokyo&bid=1280700&pgret=2,世田谷区砧8-10-1,35.6424832,139.6083247,"128,800～183,900円（月額）",128800,183900,２ＤＫ～３ＬＤＫ,"['2DK', '3LDK']",2000,"6,000円",[6000],小田急小田原線「祖師ヶ谷大蔵」駅下車徒歩1分,
リバーブリーズ綾瀬,/jkktokyo/detailMap?account=jkktokyo&bid=2280070&pgret=2,葛飾区小菅1-27-7,35.7565189,139.8172643,"82,500～94,200円（月額）",82500,94200,２ＬＤＫ・３ＬＤＫ,"['2LDK', '3LDK']",1993,"7,200円",[7200],東武スカイツリーライン(伊勢崎線)「小菅」駅下車徒歩8分,
愛宕第一,/jkktokyo/detailMap?account=jkktokyo&bid=5480030&pgret=2,"多摩市愛宕1-1-1,2",35.6351245,139.4361495,"44,600・46,100円（月額）",44600,46100,2DK,['2DK'],1972,"2,800円",[2800],京王線「聖蹟桜ヶ丘」駅からバス約13分「愛宕東」下車徒歩2分,
愛宕第二,/jkktokyo/detailMap?account=jkktokyo&bid=5480050&pgret=2,多摩市愛宕4-53-1,35.6315464,139.4296791,"59,000・60,100円（月額）",59000,60100,１ＬＤＫ～２ＤＫ,"['1LDK', '2DK']",1973,"2,700円",[2700],小田急多摩線「多摩センター」駅からバス約4分「愛宕四丁目」下車徒歩1分,
宇喜田第一,/jkktokyo/detailMap?account=jkktokyo&bid=2380010&pgret=2,江戸川区北葛西5-18-1,35.6734639,139.8657996,"62,200～68,400円（月額）",62200,68400,2DK,['2DK'],1972,"2,700円",[2700],東京メトロ東西線「西葛西」駅下車徒歩18分,
宇喜田第二,/jkktokyo/detailMap?account=jkktokyo&bid=2380030&pgret=2,江戸川区北葛西2-19-1,35.6752064,139.8566757,"71,000～74,800円（月額）",71000,74800,2DK,['2DK'],1973,"2,400円",[2400],都営地下鉄新宿線「船堀」駅下車徒歩18分,
烏山松葉通,/jkktokyo/detailMap?account=jkktokyo&bid=1280160&pgret=2,世田谷区北烏山3-1-1,35.6736085,139.601933,"40,800～50,000円（月額）",40800,50000,2K・2DK,"['2K', '2DK']",1960,"1,800円",[1800],京王線「千歳烏山」駅下車徒歩12分,
烏山北,/jkktokyo/detailMap?account=jkktokyo&bid=1280230&pgret=2,世田谷区北烏山2-3-7,35.6801244,139.6008897,"51,300～81,800円（月額）",51300,81800,2K～3K,"['2K', '3K']",1966,"2,500円",[2500],京王線「千歳烏山」駅下車徒歩17分,31号棟のみＣＡＴＶの設備が設置されておりません。
越中島,/jkktokyo/detailMap?account=jkktokyo&bid=880070&pgret=2,江東区越中島3-5-27,35.6647358,139.8008594,"76,500～89,200円（月額）",76500,89200,2DK,['2DK'],1972,"3,000円",[3000],ＪＲ京葉線「越中島」駅下車徒歩12分,
塩浜,/jkktokyo/detailMap?account=jkktokyo&bid=880130&pgret=2,江東区塩浜1-5-5,35.6592778,139.8015945,"94,200円（月額）",94200,94200,2DK,['2DK'],1978,"2,900円",[2900],東京メトロ有楽町線「豊洲」駅下車徒歩10分,
横川町,/jkktokyo/detailMap?account=jkktokyo&bid=3180120&pgret=2,八王子市横川町108-1,35.6660563,139.308849,"51,300～62,100円（月額）",51300,62100,2DK・3DK,"['2DK', '3DK']",1980,"2,700円",[2700],ＪＲ中央線「西八王子」駅からバス約6分「住宅中央」下車徒歩2分,ステップ35割は対象住戸が限られているので、各特設サイトでご確認ください。
下里第二,/jkktokyo/detailMap?account=jkktokyo&bid=5280040&pgret=2,東久留米市野火止3-4-1,35.7611889,139.5098013,"68,300・69,900円（月額）",68300,69900,3DK,['3DK'],1982,"1,100円",[1100],西武池袋線「清瀬」駅からバス約9分「押出し橋」下車徒歩5分,
霞台【霞台第一】（１～１２号棟）,/jkktokyo/detailMap?account=jkktokyo&bid=3580010&pgret=2,青梅市河辺町9-6-1-1,35.7840144,139.2887178,"32,900～50,700円（月額）",32900,50700,２ＤＫ～３Ｋ,"['2DK', '3K']",1971,"1,600円",[1600],ＪＲ青梅線「河辺」駅下車徒歩7分,
霞台【霞台第二】（１３～２３号棟）,/jkktokyo/detailMap?account=jkktokyo&bid=3580011&pgret=2,青梅市野上町3-9-1-1,35.7910705,139.2880048,"32,000～47,700円（月額）",32000,47700,２ＤＫ～３Ｋ,"['2DK', '3K']",1971,"1,800円",[1800],ＪＲ青梅線「河辺」駅下車徒歩11分,
亀戸九丁目,/jkktokyo/detailMap?account=jkktokyo&bid=880180&pgret=2,江東区亀戸9-33-1,35.6996281,139.8423699,"94,900・97,200円（月額）",94900,97200,3DK,['3DK'],1980,"3,400円",[3400],ＪＲ総武線「平井」駅下車徒歩14分,
久米川駅東,/jkktokyo/detailMap?account=jkktokyo&bid=4380070&pgret=2,東村山市萩山町5-3-1,35.74863089999999,139.4779366,"38,700～59,700円（月額）",38700,59700,2K～3K,"['2K', '3K']",1965,"2,300円",[2300],西武新宿線「久米川」駅下車徒歩9分,ステップ35割は対象住戸が限られているので、各特設サイトでご確認ください。
久留米下里,/jkktokyo/detailMap?account=jkktokyo&bid=5280030&pgret=2,東久留米市下里7-8-1,35.7603616,139.5018014,"37,300～50,100円（月額）",37300,50100,2DK・3K,"['2DK', '3K']",1972,"1,100円",[1100],西武池袋線「清瀬」駅からバス約13分「下里団地」下車徒歩4分,ステップ35割は対象住戸が限られているので、各特設サイトでご確認ください。
久留米西,/jkktokyo/detailMap?account=jkktokyo&bid=5280020&pgret=2,東久留米市下里4-1-1,35.7542211,139.4991805,"30,200～53,200円（月額）",30200,53200,２Ｋ～３Ｋ,"['2K', '3K']",1969,"1,600円",[1600],西武池袋線「東久留米」駅からバス約13分「久留米西団地」下車徒歩3分,当住宅の敷地内に駐在所があります。
境川,/jkktokyo/detailMap?account=jkktokyo&bid=3980140&pgret=2,町田市木曽東2,35.5581739,139.424045,"36,500～60,400円（月額）",36500,60400,2K～3K,"['2K', '3K']",1968,"1,300円",[1300],ＪＲ横浜線「古淵」駅下車徒歩9分,
興野町,/jkktokyo/detailMap?account=jkktokyo&bid=2180040&pgret=2,足立区西新井本町4-16,35.7719766,139.7784674,"38,300～94,100円（月額）",38300,94100,1R～2K,"['1R', '2K']",1959,"1,500円",[1500],JR常磐線、東京メトロ千代田線・日比谷線・東武スカイツリーライン（伊勢崎線）、首都圏新都市鉄道つくばエクスプレス線「北千住」駅からバス約13分「興野公団住宅」下車 徒歩4分,
熊川,/jkktokyo/detailMap?account=jkktokyo&bid=4880010&pgret=2,福生市熊川95,35.7145074,139.333792,"23,000～42,500円（月額）",23000,42500,２Ｋ～３Ｋ,"['2K', '3K']",1963,"1,800円",[1800],ＪＲ青梅線「拝島」駅下車徒歩18分,
江の島道東,/jkktokyo/detailMap?account=jkktokyo&bid=3280020&pgret=2,立川市栄町5-28-1,35.7162685,139.4256164,"39,500～60,800円（月額）",39500,60800,2K～2DK＋S,"['2K', '2DK+S']",1962,"1,800円",[1800],ＪＲ中央線「立川」駅からバス約9分「公社住宅」下車徒歩2分,
江古田,/jkktokyo/detailMap?account=jkktokyo&bid=1480100&pgret=2,中野区江原町1-23-1,35.7271488,139.6729902,"32,900～45,700円（月額）",32900,45700,1DK～2DK,"['1DK', '2DK']",1958,"2,000円",[2000],ＪＲ中央線「中野」駅からバス約13分「江古田住宅」下車徒歩5分,
高ケ坂,/jkktokyo/detailMap?account=jkktokyo&bid=3980030&pgret=2,町田市高ヶ坂3-35,35.5465375,139.4589938,"31,700～59,500円（月額）",31700,59500,２Ｋ～３Ｋ,"['2K', '3K']",1962,"1,500円",[1500],ＪＲ横浜線「町田」駅からバス約12分「高ヶ坂団地」下車徒歩1分,ステップ35割は対象住戸が限られているので、各特設サイトでご確認ください。
豪徳寺,/jkktokyo/detailMap?account=jkktokyo&bid=1280030&pgret=2,世田谷区豪徳寺2-14-10,35.6467424,139.6471521,"46,500・48,200円（月額）",46500,48200,2K,['2K'],1954,900円,[900],小田急小田原線「豪徳寺」駅下車徒歩13分,
鷺宮西,/jkktokyo/detailMap?account=jkktokyo&bid=1480120&pgret=2,中野区白鷺3-2-1,35.7224461,139.6349879,"38,700～77,400円（月額）",38700,77400,2K～3K,"['2K', '3K']",1961,"1,500円",[1500],西武新宿線「鷺ノ宮」駅下車徒歩7分,
春江町,/jkktokyo/detailMap?account=jkktokyo&bid=2380020&pgret=2,江戸川区春江町1-2-1,35.7026058,139.8913321,"56,200～64,500円（月額）",56200,64500,2DK,['2DK'],1972,"2,400円",[2400],都営地下鉄新宿線「瑞江」駅下車徒歩17分,
春江町椿,/jkktokyo/detailMap?account=jkktokyo&bid=2380070&pgret=2,"江戸川区春江町2-4-1,2",35.6999508,139.8866408,"67,500円（月額）",67500,67500,2DK,['2DK'],1976,"2,900円",[2900],都営地下鉄新宿線「瑞江」駅下車徒歩19分,
勝どきサンスクェア,/jkktokyo/detailMap?account=jkktokyo&bid=280080&pgret=2,中央区勝どき1-7-2,35.6599093,139.7776026,"167,900～213,400円（月額）",167900,213400,２ＤＫ～３ＬＤＫ,"['2DK', '3LDK']",1996,"7,200円",[7200],都営地下鉄大江戸線「勝どき」駅下車徒歩1分,
小金井貫井,/jkktokyo/detailMap?account=jkktokyo&bid=4080020&pgret=2,小金井市貫井南町5-3-1,35.6915725,139.492957,"35,300～44,900円（月額）",35300,44900,２Ｋ・２ＤＫ,"['2K', '2DK']",1963,"3,300円",[3300],ＪＲ中央線「武蔵小金井」駅からバス約8分「貫井南町二丁目」下車徒歩5分,
小金井本町,/jkktokyo/detailMap?account=jkktokyo&bid=4080010&pgret=2,小金井市本町4-5,35.7067848,139.5008009,"44,200～65,600円（月額）",44200,65600,２Ｋ～３Ｋ,"['2K', '3K']",1961,"1,500円",[1500],ＪＲ中央線「武蔵小金井」駅下車徒歩16分,
昭島玉川町,/jkktokyo/detailMap?account=jkktokyo&bid=3780020&pgret=2,昭島市玉川町5-15-1,35.7025406,139.3757623,"55,700・57,100円（月額）",55700,57100,2DK,['2DK'],1978,"4,200円",[4200],ＪＲ青梅線「中神」駅下車徒歩11分,
昭島田中町,/jkktokyo/detailMap?account=jkktokyo&bid=3780030&pgret=2,昭島市田中町3-5-1,35.6992814,139.3530396,"38,200～56,100円（月額）",38200,56100,2DK・3DK,"['2DK', '3DK']",1979,"1,800円（17号棟以外）・2,700（17号棟）円",[1800],ＪＲ青梅線「昭島」駅からバス約14分「田中町団地」下車徒歩1分,７階建はエレベータがあります。ステップ35割は対象住戸が限られているので、各特設サイトでご確認ください。
松が谷,/jkktokyo/detailMap?account=jkktokyo&bid=3180060&pgret=2,八王子市松が谷49-1,35.6305475,139.4141387,"40,800～64,400円（月額）",40800,64400,１ＬＤＫ～３ＤＫ,"['1LDK', '3DK']",1976,"2,400円",[2400],小田急多摩線「多摩センター」駅からバス約6分「松が谷小学校」下車徒歩2分,ステップ35割は対象住戸が限られているので、各特設サイトでご確認ください。
松が谷第二,/jkktokyo/detailMap?account=jkktokyo&bid=3180130&pgret=2,八王子市松が谷59-1,35.630377,139.4123299,"62,400～65,900円（月額）",62400,65900,3DK,['3DK'],1979,"4,000円",[4000],小田急多摩線「多摩センター」駅からバス約6分「松が谷」下車徒歩4分,ステップ35割は対象住戸が限られているので、各特設サイトでご確認ください。
松枝,/jkktokyo/detailMap?account=jkktokyo&bid=3180110&pgret=2,八王子市諏訪町1922-1-1,35.6818949,139.2933199,"31,400・36,300円（月額）",31400,36300,2DK,['2DK'],1976,"2,500円",[2500],ＪＲ中央線「八王子」駅からバス約34分「松枝住宅」下車徒歩5分,ステップ35割は対象住戸が限られているので、各特設サイトでご確認ください。エレベータは７階建（２、３、６、７号棟）のみです。
新河岸一丁目,/jkktokyo/detailMap?account=jkktokyo&bid=1980180&pgret=2,板橋区新河岸1-3-4,35.7944125,139.6657569,"58,500円（月額）",58500,58500,2DK,['2DK'],1978,"4,000円",[4000],都営地下鉄三田線「高島平」駅下車徒歩12分,
新田,/jkktokyo/detailMap?account=jkktokyo&bid=2380040&pgret=2,江戸川区西葛西8-2-1,35.6569689,139.8599061,"73,500～76,800円（月額）",73500,76800,2DK,['2DK'],1975,"3,500円",[3500],東京メトロ東西線「西葛西」駅下車徒歩15分,
新田第二,/jkktokyo/detailMap?account=jkktokyo&bid=2380080&pgret=2,江戸川区西葛西8-15-4,35.6557608,139.8611559,"78,000～85,600円（月額）",78000,85600,１ＬＤＫ～２ＤＫ,"['1LDK', '2DK']",1979,"3,500円",[3500],東京メトロ東西線「西葛西」駅下車徒歩16分,
森野,/jkktokyo/detailMap?account=jkktokyo&bid=3980060&pgret=2,町田市森野1-2,35.5432394,139.4419934,"44,900～72,900円（月額）",44900,72900,２Ｋ～３Ｋ,"['2K', '3K']",1963,"2,400円",[2400],小田急小田原線「町田」駅下車徒歩5分,
真光寺,/jkktokyo/detailMap?account=jkktokyo&bid=3980180&pgret=2,町田市真光寺3-1-3-1,35.5974,139.4616765,"53,100～60,600円（月額）",53100,60600,2DK・3DK,"['2DK', '3DK']",1978,"2,100円",[2100],小田急小田原線「鶴川」駅からバス約14分「鶴川団地引返場」下車徒歩3分,
清瀬台田,/jkktokyo/detailMap?account=jkktokyo&bid=5180020&pgret=2,清瀬市下宿1-1-1,35.7941173,139.5304172,"29,500～38,500円（月額）",29500,38500,1DK～3K,"['1DK', '3K']",1972,"1,200円",[1200],西武池袋線「清瀬」駅からバス約10分「台田団地中央」下車徒歩1分,
西新井本町,/jkktokyo/detailMap?account=jkktokyo&bid=2180080&pgret=2,"足立区西新井本町2-30-18-1,2",35.7754906,139.7712416,"66,500・67,000円（月額）",66500,67000,2DK,['2DK'],1978,"3,600円",[3600],東武大師線「大師前」駅下車徒歩15分,
西台,/jkktokyo/detailMap?account=jkktokyo&bid=1980150&pgret=2,板橋区高島平9-1-5,35.7874834,139.6738565,"66,700・73,200円（月額）",66700,73200,3DK,['3DK'],1972,"2,400円",[2400],都営地下鉄三田線「西台」駅下車徒歩1分,
西大島,/jkktokyo/detailMap?account=jkktokyo&bid=880170&pgret=2,"江東区大島4-1-8,9",35.6867378,139.8274824,"87,800・94,100円（月額）",87800,94100,2DK,['2DK'],1980,"2,900円",[2900],都営地下鉄新宿線「西大島」駅下車徒歩5分,
西保木間,/jkktokyo/detailMap?account=jkktokyo&bid=2180070&pgret=2,"足立区西保木間4-12-2,3",35.8048004,139.7975704,"52,500～65,700円（月額）",52500,65700,1LDK・2DK,"['1LDK', '2DK']",1975,"3,000円",[3000],東武スカイツリーライン(伊勢崎線)「竹ノ塚」駅からバス約6分「足立清掃工場」下車徒歩3分,
青井五丁目,/jkktokyo/detailMap?account=jkktokyo&bid=2180090&pgret=2,足立区青井5-11-40,35.7769755,139.8198223,"72,000円（月額）",72000,72000,2DK,['2DK'],1979,"3,700円",[3700],首都圏新都市鉄道つくばエクスプレス線「青井」駅下車徒歩8分,
千住東町,/jkktokyo/detailMap?account=jkktokyo&bid=2180060&pgret=2,"足立区千住東2-21-1,2",35.746323,139.8097116,"76,800・81,900円（月額）",76800,81900,2DK,['2DK'],1973,"2,500円",[2500],京成線「京成関屋」駅下車徒歩5分,当住宅の敷地内に交番があります。
前野町第二,/jkktokyo/detailMap?account=jkktokyo&bid=1980160&pgret=2,板橋区前野町1-20-1,35.765311,139.6959636,"67,200・71,300円（月額）",67200,71300,2DK,['2DK'],1973,"2,300円",[2300],東武東上線「ときわ台」駅下車徒歩14分,
多摩川（狛江市）,/jkktokyo/detailMap?account=jkktokyo&bid=3880031&pgret=2,狛江市西和泉1-1,35.6413446,139.5634881,"38,800～67,500円（月額）",38800,67500,１ＤＫ～３Ｋ,"['1DK', '3K']",1966,"1,700円",[1700],小田急小田原線「狛江」駅からバス約10分「多摩川住宅中央」下車徒歩2分,
多摩川（調布市）,/jkktokyo/detailMap?account=jkktokyo&bid=3880030&pgret=2,調布市染地3-1-115,35.6418348,139.5619957,"44,400～71,100円（月額）",44400,71100,２Ｋ～３ＤＫ,"['2K', '3DK']",1966,"2,200円",[2200],小田急小田原線「狛江」駅からバス約10分「多摩川住宅中央」下車徒歩5分,当住宅の敷地内に交番があります。
大和芝中,/jkktokyo/detailMap?account=jkktokyo&bid=5080040&pgret=2,東大和市蔵敷3-1197-1,35.7480858,139.420432,"35,200～58,200円（月額）",35200,58200,１ＬＤＫ～３Ｋ,"['1LDK', '3K']",1970,"1,600円",[1600],多摩都市モノレール「上北台」駅下車徒歩10分,ステップ35割は対象住戸が限られているので、各特設サイトでご確認ください。
大和上北台,/jkktokyo/detailMap?account=jkktokyo&bid=5080060&pgret=2,東大和市上北台2-886-1,35.7437759,139.4117469,"39,600～57,400円（月額）",39600,57400,２ＤＫ～３Ｋ,"['2DK', '3K']",1972,"1,600円",[1600],西武拝島線「玉川上水」駅からバス約7分「店舗前」下車徒歩５分,ステップ35割は対象住戸が限られているので、各特設サイトでご確認ください。
辰巳あけぼの,/jkktokyo/detailMap?account=jkktokyo&bid=880210&pgret=2,江東区辰巳2-5-1,35.6535125,139.816474,"88,100～106,800円（月額）",88100,106800,2LDK～3DK,"['2LDK', '3DK']",1982,"2,500円",[2500],ＪＲ京葉線「潮見」駅下車徒歩11分,
辰巳しののめ,/jkktokyo/detailMap?account=jkktokyo&bid=880190&pgret=2,江東区辰巳1-5-15,35.6525067,139.8068933,"82,200円（月額）",82200,82200,2DK,['2DK'],1982,"3,000円",[3000],東京メトロ有楽町線「辰巳」駅下車徒歩12分,
中台町,/jkktokyo/detailMap?account=jkktokyo&bid=1980080&pgret=2,板橋区若木2-13-1,35.7702505,139.6734915,"34,200～42,300円（月額）",34200,42300,2K,['2K'],1961,"1,000円",[1000],東武東上線「上板橋」駅下車徒歩14分,
町田木曽,/jkktokyo/detailMap?account=jkktokyo&bid=3980150&pgret=2,町田市木曽東4-11-イ1,35.5637773,139.4332369,"33,000～55,600円（月額）",33000,55600,1R～3DK,"['1R', '3DK']",1969,"1,500円",[1500],小田急小田原線「町田」駅からバス約16分「山崎団地センター」下車徒歩1分,ステップ35割は対象住戸が限られているので、各特設サイトでご確認ください。
田無西原,/jkktokyo/detailMap?account=jkktokyo&bid=4680020&pgret=2,西東京市西原町3-7-B,35.7359802,139.5326677,"39,900～60,400円（月額）",39900,60400,２Ｋ～３Ｋ,"['2K', '3K']",1963,"2,000円",[2000],西武新宿線「田無」駅からバス約7分「文華女子高等学校」下車徒歩4分,
田無南芝,/jkktokyo/detailMap?account=jkktokyo&bid=4680030&pgret=2,西東京市芝久保町2-17,35.726218,139.525136,"35,100～66,200円（月額）",35100,66200,２Ｋ～３Ｋ,"['2K', '3K']",1964,"1,600円",[1600],西武新宿線「田無」駅からバス約7分「北芝久保（都営・西武）」下車徒歩8分,
東雲都橋,/jkktokyo/detailMap?account=jkktokyo&bid=880120&pgret=2,"江東区東雲2-4-1,2",35.6422861,139.7980825,"82,100・83,100円（月額）",82100,83100,3DK,['3DK'],1979,"2,400円",[2400],東京臨海高速鉄道りんかい線「東雲」駅下車徒歩10分,
東葛西第一,/jkktokyo/detailMap?account=jkktokyo&bid=2380111&pgret=2,江戸川区東葛西4-4-1,35.66020230000001,139.8831846,"86,800・89,700円（月額）",86800,89700,3DK,['3DK'],1982,"2,000円",[2000],東京メトロ東西線「葛西」駅下車徒歩16分,
東葛西第二,/jkktokyo/detailMap?account=jkktokyo&bid=2380112&pgret=2,江戸川区東葛西9-10-1,35.6584052,139.8826131,"78,700円（月額）",78700,78700,3K,['3K'],1982,"3,000円",[3000],東京メトロ東西線「葛西」駅下車徒歩17分,
東寺方,/jkktokyo/detailMap?account=jkktokyo&bid=5480100&pgret=2,多摩市東寺方626-2-1,35.6429639,139.4376573,"61,300円（月額）",61300,61300,2DK,['2DK'],1979,"2,600円",[2600],京王線「聖蹟桜ヶ丘」駅下車徒歩21分,
南烏山三丁目,/jkktokyo/detailMap?account=jkktokyo&bid=1280100&pgret=2,世田谷区南烏山3-11-19,35.6705085,139.6059997,"88,800・93,700円（月額）",88800,93700,3K,['3K'],1973,"1,400円",[1400],京王線「芦花公園」駅下車徒歩4分,
南葛西,/jkktokyo/detailMap?account=jkktokyo&bid=2380090&pgret=2,"江戸川区南葛西1-1-1,2",35.6531165,139.867346,"73,100・73,600円（月額）",73100,73600,2DK,['2DK'],1980,"4,100円",[4100],東京メトロ東西線「西葛西」駅からバス約6分「新田」下車徒歩6分,
南砂,/jkktokyo/detailMap?account=jkktokyo&bid=880080&pgret=2,江東区南砂2-3-1,35.6702883,139.8220008,"70,100～91,800円（月額）",70100,91800,1LDK・2DK,"['1LDK', '2DK']",1975,"1,550円",[1550],東京メトロ東西線「東陽町」駅下車徒歩8分,
南砂七丁目,/jkktokyo/detailMap?account=jkktokyo&bid=880110&pgret=2,江東区南砂7-1-18,35.6680293,139.8343933,"78,400円（月額）",78400,78400,2DK,['2DK'],1976,"2,800円",[2800],東京メトロ東西線「南砂町」駅下車徒歩3分,
梅園三丁目,/jkktokyo/detailMap?account=jkktokyo&bid=5180040&pgret=2,"清瀬市梅園3-1-1,2",35.7694827,139.5030869,"52,800円（月額）",52800,52800,2DK,['2DK'],1978,"2,000円",[2000],西武池袋線「清瀬」駅からバス約6分「上宮」下車徒歩2分,
八王子泉町,/jkktokyo/detailMap?account=jkktokyo&bid=3180040&pgret=2,八王子市泉町682-1-1,35.6764033,139.299222,"29,800・30,600円（月額）",29800,30600,2DK,['2DK'],1972,"1,900円",[1900],ＪＲ中央線「八王子」駅からバス約26分「泉町住宅」下車徒歩1分,
富士見町,/jkktokyo/detailMap?account=jkktokyo&bid=3280040&pgret=2,立川市富士見町6-1,35.694498,139.3955455,"40,700～63,100円（月額）",40700,63100,1K～2DK,"['1K', '2DK']",1968,"1,900円",[1900],ＪＲ中央線「立川」駅からバス約7分「富士見町団地」下車徒歩4分,ステップ35割は対象住戸が限られているので、各特設サイトでご確認ください。
富士見町東,/jkktokyo/detailMap?account=jkktokyo&bid=3280070&pgret=2,立川市富士見町7-41,35.6913696,139.3984028,"64,800～68,600円（月額）",64800,68600,2DK,['2DK'],1978,"1,800円",[1800],ＪＲ中央線「立川」駅からバス約6分「富士見町七丁目」下車徒歩5分,
福生加美平,/jkktokyo/detailMap?account=jkktokyo&bid=4880020&pgret=2,福生市加美平4-1-1,35.7520811,139.3241023,"29,300～46,400円（月額）",29300,46400,２Ｋ～３Ｋ,"['2K', '3K']",1967,"1,300円",[1300],ＪＲ青梅線「福生」駅からバス約5分「加美平団地中央」下車徒歩2分,
平山,/jkktokyo/detailMap?account=jkktokyo&bid=4280020&pgret=2,日野市東平山1-7-6,35.6480405,139.3772711,"29,700～52,600円（月額）",29700,52600,2K～3K,"['2K', '3K']",1965,"1,200円",[1200],ＪＲ中央線「豊田」駅下車徒歩18分,当住宅の敷地内に駐在所があります。
平尾,/jkktokyo/detailMap?account=jkktokyo&bid=5580010&pgret=2,稲城市平尾3-1-1-1,35.6105,139.4862036,"42,400～55,400円（月額）",42400,55400,1DK～3K,"['1DK', '3K']",1970,"1,700円",[1700],小田急小田原線「新百合ヶ丘」駅からバス約12分「平尾団地」下車徒歩2分,ステップ35割は対象住戸が限られているので、各特設サイトでご確認ください。　　当住宅の敷地内に交番があります。
豊島町,/jkktokyo/detailMap?account=jkktokyo&bid=1780030&pgret=2,北区豊島7-31-1,35.766829,139.7437675,"66,500～75,500円（月額）",66500,75500,2DK,['2DK'],1972,"2,700円",[2700],ＪＲ京浜東北線「王子」駅からバス約8分「新田橋」下車徒歩3分,
堀江,/jkktokyo/detailMap?account=jkktokyo&bid=2380050&pgret=2,江戸川区南葛西3-16-1,35.6500142,139.870018,"65,100～70,300円（月額）",65100,70300,2DK,['2DK'],1975,"3,800円",[3800],ＪＲ京葉線「葛西臨海公園」駅からバス約4分「堀江団地」下車徒歩5分,当住宅の敷地内に交番があります。
堀船,/jkktokyo/detailMap?account=jkktokyo&bid=1780020&pgret=2,"北区堀船2-27-1,2",35.7563197,139.7467515,"57,500～70,600円（月額）",57500,70600,2DK,['2DK'],1971,"1,600円",[1600],ＪＲ京浜東北線「王子」駅下車徒歩14分,
堀船第二,/jkktokyo/detailMap?account=jkktokyo&bid=1780040&pgret=2,"北区堀船2-22-1,2",35.7552011,139.7456836,"72,300～74,700円（月額）",72300,74700,2DK,['2DK'],1975,"1,800円",[1800],ＪＲ京浜東北線「王子」駅下車徒歩12分,
本村町,/jkktokyo/detailMap?account=jkktokyo&bid=380010&pgret=2,港区南麻布3-12-1,35.6484966,139.7308351,"61,600円（月額）",61600,61600,2K,['2K'],1953,300円,[300],東京メトロ日比谷線「広尾」駅下車徒歩15分,
本町田,/jkktokyo/detailMap?account=jkktokyo&bid=3980110&pgret=2,町田市本町田867-1-イ1,35.5608565,139.4519076,"38,600～60,000円（月額）",38600,60000,２Ｋ～３Ｋ,"['2K', '3K']",1965,800円,[800],小田急小田原線「町田」駅からバス約9分「ストアー前」下車徒歩2分,ステップ35割は対象住戸が限られているので、各特設サイトでご確認ください。
本田川端町,/jkktokyo/detailMap?account=jkktokyo&bid=2280010&pgret=2,葛飾区東立石4-1-1,35.7315012,139.8515351,"32,100・32,200円（月額）",32100,32200,２Ｋ,['2K'],1957,600円,[600],京成押上線「京成立石」駅下車徒歩12分,
木曽,/jkktokyo/detailMap?account=jkktokyo&bid=3980070&pgret=2,町田市木曽東4-6,35.5634128,139.4284919,"27,500～52,600円（月額）",27500,52600,2K～3K,"['2K', '3K']",1963,"1,700円",[1700],小田急小田原線「町田」駅からバス約11分「木曽住宅」下車徒歩3分,
落合,/jkktokyo/detailMap?account=jkktokyo&bid=5480070&pgret=2,多摩市落合4-1-1,35.6154725,139.4317128,"52,900～62,300円（月額）",52900,62300,１ＬＤＫ～３ＤＫ,"['1LDK', '3DK']",1975,"2,300円・2,500円・3,000円・3,100円","[2300, 2500, 3000, 3100]",小田急多摩線「多摩センター」駅からバス約5分「落合四丁目」下車徒歩3分,ステップ35割は対象住戸が限られているので、各特設サイトでご確認ください。
落合三丁目,/jkktokyo/detailMap?account=jkktokyo&bid=5480110&pgret=2,多摩市落合3-5-1,35.6217369,139.4314894,"72,400・72,600円（月額）",72400,72600,3DK,['3DK'],1980,"3,500円",[3500],京王相模原線「多摩センター」駅下車徒歩13分,ステップ35割は対象住戸が限られているので、各特設サイトでご確認ください。
蓮根三丁目,/jkktokyo/detailMap?account=jkktokyo&bid=1980170&pgret=2,板橋区蓮根3-15-3,35.7892303,139.6777291,"80,100円（月額）",80100,80100,3DK,['3DK'],1978,"3,300円",[3300],都営地下鉄三田線「西台」駅下車徒歩8分,
